timestamp,move_name,intensity,duration_s,spread_before,spread_after,depth_before,depth_after
1760487814276,Recover,1.0,2.0,0.3819827312674565,0.24989784691903433,50,63
1760487814276,Recover,1.0,2.0,0.29926887924254153,0.2946324038905144,73,50
1760487814276,Recover,1.0,2.0,0.2996558606095733,0.3111583078007435,68,60
1760487814276,Recover,1.0,2.0,0.463981352137535,0.45839991563589755,53,35
1760487814276,Recover,1.0,2.0,0.3774032899963028,0.31153998905548,80,50
1760487814276,Recover,1.0,2.0,0.26677149828517216,0.10446456794940935,38,45
1760487814276,Recover,1.0,2.0,0.2752268306737924,0.22995174421231757,96,53
1760487814276,Recover,1.0,2.0,0.3052918421692495,0.4825668739960435,50,48
1760487814276,Recover,1.0,2.0,0.11625948778587265,0.23449817279841884,88,61
1760487814276,Recover,1.0,2.0,0.3504722887194408,0.21900240191001666,60,83
1760487814276,Recover,1.0,2.0,0.40378216720755866,0.34767247492565106,76,70
1760487814276,Recover,1.0,2.0,0.4423125528706081,0.43097646447862004,31,56
1760487814276,Recover,1.0,2.0,0.31155907611791545,0.4172388857476961,33,45
1760487814276,Recover,1.0,2.0,0.23126207274655286,0.2082530185647642,70,69
1760487814276,Recover,1.0,2.0,0.12222114091765089,0.1454670262792262,32,82
1760487814276,Recover,1.0,2.0,0.23883898328972042,0.4999090283437585,62,65
1760487814277,Recover,1.0,2.0,0.16546757042050708,0.3605135924464774,43,59
1760487814277,Recover,1.0,2.0,0.31725985464574513,0.10753725587961208,64,48
1760487814277,Recover,1.0,2.0,0.49662989039345906,0.1812129918581778,79,53
1760487814277,Recover,1.0,2.0,0.2283217350079812,0.10927633130076836,56,86
1760487814277,Recover,1.0,2.0,0.19998669920905146,0.21337654886127597,69,63
1760487814277,Recover,1.0,2.0,0.17148069177523265,0.354707068592757,50,69
1760487814277,Recover,1.0,2.0,0.36753624112687244,0.2802170281255134,84,58
1760487814277,Recover,1.0,2.0,0.37768869110378744,0.2558896996840535,36,64
1760487814277,Recover,1.0,2.0,0.30992817971116704,0.17630346380815493,32,67
1760487814277,Recover,1.0,2.0,0.25018898477631085,0.4401462285738348,23,63
1760487814277,Recover,1.0,2.0,0.21356527983674398,0.3241500430404384,43,91
1760487814277,Recover,1.0,2.0,0.4651004983824061,0.16065726030478672,56,81
1760487814277,Recover,1.0,2.0,0.30139361079750926,0.3791830510369103,82,49
1760487814277,Recover,1.0,2.0,0.39104536213254104,0.41135391871880866,32,85
1760487814277,Recover,1.0,2.0,0.24565461518804477,0.28782079302454966,50,73
1760487814277,Recover,1.0,2.0,0.35939037406462626,0.34749226217848017,67,81
1760487814277,Recover,1.0,2.0,0.4971507690048904,0.4309748769589977,29,34
1760487814277,Recover,1.0,2.0,0.4949271040864768,0.47186989706282323,75,50
1760487814277,Recover,1.0,2.0,0.27616742622695534,0.3923789574696801,52,48
1760487814277,Recover,1.0,2.0,0.33609187504786675,0.23276084086077461,76,53
1760487814277,Recover,1.0,2.0,0.4216339061777038,0.2015707827084816,59,68
1760487814277,Recover,1.0,2.0,0.3850640352032374,0.2771942161658264,68,65
1760487814277,Recover,1.0,2.0,0.13295662708576017,0.366094972336926,78,83
1760487814277,Recover,1.0,2.0,0.16708080758366642,0.2452999498470562,46,66
1760487814277,Recover,1.0,2.0,0.23570093315008142,0.31975433614327475,89,73
1760487814277,Recover,1.0,2.0,0.4545664962592101,0.3491064791901286,64,45
1760487814277,Recover,1.0,2.0,0.18772244992808373,0.16118930358899416,56,47
1760487814277,Recover,1.0,2.0,0.22520332888251013,0.1278912813186946,78,69
1760487814277,Recover,1.0,2.0,0.3209212074389086,0.4630625725613188,51,34
1760487814277,Recover,1.0,2.0,0.26906403231066556,0.35050060921124526,59,57
1760487814277,Recover,1.0,2.0,0.28792431725389067,0.46643434925787586,57,56
1760487814277,Recover,1.0,2.0,0.16685685373384967,0.3806002581203808,44,65
1760487814277,Recover,1.0,2.0,0.26517614702715864,0.4266416139547079,73,46
1760487814277,Recover,1.0,2.0,0.25265798992248134,0.17820337170767309,72,64
1760487814277,Recover,1.0,2.0,0.18371892987130123,0.3550646189116067,49,64
1760487814278,Recover,1.0,2.0,0.4732373753819561,0.2897687339487287,80,68
1760487814278,Recover,1.0,2.0,0.30971867693468236,0.26817634704688087,43,25
1760487814278,Recover,1.0,2.0,0.45764371483525723,0.25321081313027616,70,57
1760487814278,Recover,1.0,2.0,0.3749941870068392,0.18679708668265507,82,69
1760487814278,Recover,1.0,2.0,0.24144841631187727,0.32235896699729094,77,57
1760487814278,Recover,1.0,2.0,0.31089379335778766,0.4245322803281174,39,41
1760487814278,Recover,1.0,2.0,0.37414586052149457,0.4166448844730142,32,41
1760487814278,Recover,1.0,2.0,0.2964602891129123,0.1725592404206039,59,47
1760487814278,Recover,1.0,2.0,0.44167297717332854,0.1276449016455851,90,65
1760487814278,Recover,1.0,2.0,0.23892602485847145,0.3303450729675914,98,41
1760487814278,Recover,1.0,2.0,0.3065266730741849,0.3776636407964312,60,80
1760487814278,Recover,1.0,2.0,0.29104444799185336,0.1733714284291376,45,73
1760487814278,Recover,1.0,2.0,0.41362020454933734,0.2032395840106367,51,54
1760487814278,Recover,1.0,2.0,0.46500726961583794,0.3174816680201361,67,40
1760487814278,Recover,1.0,2.0,0.34342452751178665,0.2095654079204418,69,41
1760487814278,Recover,1.0,2.0,0.14723626156173727,0.35803935899711237,66,69
1760487814278,Recover,1.0,2.0,0.24452378313512055,0.4041784001687727,58,42
1760487814278,Recover,1.0,2.0,0.4244527213958803,0.2160429116620519,65,28
1760487814278,Recover,1.0,2.0,0.2535226280107826,0.35958709866163396,57,77
1760487814278,Recover,1.0,2.0,0.4218086840358093,0.3608544644549724,49,68
1760487814278,Recover,1.0,2.0,0.11484403971367518,0.10919712874388253,63,40
1760487814278,Recover,1.0,2.0,0.1270627869100542,0.4589327007893428,57,68
1760487814278,Recover,1.0,2.0,0.23360724588505744,0.11845666624990843,50,46
1760487814278,Recover,1.0,2.0,0.283282292297946,0.14160628576577314,37,44
1760487814278,Recover,1.0,2.0,0.3240025520708961,0.4582462695058268,84,25
1760487814278,Recover,1.0,2.0,0.12502843583071002,0.3278285974604803,42,81
1760487814278,Recover,1.0,2.0,0.40631788287548565,0.2650467793922401,75,37
1760487814278,Recover,1.0,2.0,0.24505999088279934,0.38595068064674065,62,63
1760487814278,Recover,1.0,2.0,0.18924305357457671,0.33159296466086585,54,35
1760487814279,Recover,1.0,2.0,0.12097060491950065,0.15628440849216216,51,55
1760487814279,Recover,1.0,2.0,0.15355714714392496,0.19564990929433457,42,52
1760487814279,Recover,1.0,2.0,0.40032363612721766,0.2188658070364865,66,80
1760487814279,Recover,1.0,2.0,0.37819686683577736,0.2941478704539085,79,79
1760487814279,Recover,1.0,2.0,0.2956356210160913,0.4455902678102889,49,77
1760487814279,Recover,1.0,2.0,0.13690995913392784,0.47031966492686594,93,61
1760487814279,Recover,1.0,2.0,0.34558326876324574,0.32951677252514777,65,32
1760487814279,Recover,1.0,2.0,0.48240084092032454,0.4342919847989374,43,45
1760487814279,Recover,1.0,2.0,0.39307740798458146,0.2677491313209077,62,70
1760487814279,Recover,1.0,2.0,0.30329057620668537,0.17284177265416834,46,88
1760487814279,Recover,1.0,2.0,0.21189784868706527,0.34975144943286535,48,53
1760487814279,Recover,1.0,2.0,0.30448883538710314,0.3723089067840827,55,27
1760487814279,Recover,1.0,2.0,0.25151921370804875,0.14155445574805836,85,90
1760487814279,Recover,1.0,2.0,0.10274485585431532,0.11931923528135382,56,36
1760487814279,Recover,1.0,2.0,0.35843296699290905,0.4091981913374366,72,36
1760487814279,Recover,1.0,2.0,0.4030757747828678,0.1912177263651083,71,62
1760487814279,Recover,1.0,2.0,0.1796435163271089,0.12252722329503718,86,56
1760487814279,Recover,1.0,2.0,0.12869140511547414,0.2692618019775333,67,56
1760487814279,Recover,1.0,2.0,0.46722047451694804,0.25115692389246325,76,57
1760487814279,Recover,1.0,2.0,0.14605814440251674,0.2793343313788018,91,55
1761080446557,Flood,0.8,2.0,0.5,,115,
1761080446557,Flood,0.8,2.0,0.5,0.5,115,115
1761080446614,Flood,0.8,2.0,0.5,0.5,115,115
1761080446670,Flood,0.8,2.0,0.5,0.5,115,115
1761080446723,Flood,0.8,2.0,0.5,0.5,115,115
1761080446776,Flood,0.8,2.0,0.5,0.5,115,115
1761080446833,Flood,0.8,2.0,0.5,0.5,115,115
1761080446889,Flood,0.8,2.0,0.5,0.5,115,115
1761080446946,Flood,0.8,2.0,0.5,0.5,115,115
1761080447003,Flood,0.8,2.0,0.5,0.5,115,115
1761080447061,Flood,0.8,2.0,0.5,0.5,115,115
1761080447118,Flood,0.8,2.0,0.5,0.5,115,115
1761080447182,Flood,0.8,2.0,0.5,0.5,115,115
1761080447238,Flood,0.8,2.0,0.5,0.5,115,115
1761080447293,Flood,0.8,2.0,0.5,0.5,115,115
1761080447351,Flood,0.8,2.0,0.5,0.5,115,115
1761080447410,Flood,0.8,2.0,0.5,0.5,115,115
1761080447469,Flood,0.8,2.0,0.5,0.5,115,115
1761080447527,Flood,0.8,2.0,0.5,0.5,115,115
1761080447584,Flood,0.8,2.0,0.5,0.5,115,115
1761080447642,Flood,0.8,2.0,0.5,0.5,115,115
1761080447694,Flood,0.8,2.0,0.5,0.5,115,115
1761080447752,Flood,0.8,2.0,0.5,0.5,115,115
1761080447814,Flood,0.8,2.0,0.5,0.5,115,115
1761080447869,Flood,0.8,2.0,0.5,0.5,115,115
1761080447928,Flood,0.8,2.0,0.5,0.5,115,115
1761080447988,Flood,0.8,2.0,0.5,0.5,115,115
1761080448043,Flood,0.8,2.0,0.5,0.5,115,115
1761080448102,Flood,0.8,2.0,0.5,0.5,115,115
1761080448162,Flood,0.8,2.0,0.5,0.5,115,115
1761080448219,Flood,0.8,2.0,0.5,0.5,115,115
1761080448283,Flood,0.8,2.0,0.5,0.5,115,115
1761080448363,Flood,0.8,2.0,0.5,0.5,115,115
1761080448419,Flood,0.8,2.0,0.5,0.5,115,115
1761080448475,Flood,0.8,2.0,0.5,0.5,115,115
1761080448530,Flood,0.8,2.0,0.5,0.5,115,115
1761080448587,FlashCrash,1.0,1.5,0.5,,115,
1761080448587,FlashCrash,1.0,1.5,0.5,0.5,115,115
1761080448644,FlashCrash,1.0,1.5,0.5,0.5,115,115
1761080448698,FlashCrash,1.0,1.5,0.5,0.5,115,115
1761080448751,FlashCrash,1.0,1.5,0.5,0.5,115,115
1761080448806,FlashCrash,1.0,1.5,0.5,0.5,115,115
1761080448861,FlashCrash,1.0,1.5,0.5,0.5,115,115
1761080448915,FlashCrash,1.0,1.5,0.5,0.5,115,115
1761080448973,FlashCrash,1.0,1.5,0.5,0.5,115,115
1761080449030,FlashCrash,1.0,1.5,0.5,0.5,115,115
1761080449083,FlashCrash,1.0,1.5,0.5,0.5,115,115
1761080449137,FlashCrash,1.0,1.5,0.5,0.5,115,115
1761080449194,FlashCrash,1.0,1.5,0.5,0.5,115,115
1761080449250,FlashCrash,1.0,1.5,0.5,0.5,115,115
1761080449302,FlashCrash,1.0,1.5,0.5,0.5,115,115
1761080449359,FlashCrash,1.0,1.5,0.5,0.5,115,115
1761080449414,FlashCrash,1.0,1.5,0.5,0.5,115,115
1761080449468,FlashCrash,1.0,1.5,0.5,0.5,115,115
1761080449525,FlashCrash,1.0,1.5,0.5,0.5,115,115
1761080449582,FlashCrash,1.0,1.5,0.5,0.5,115,115
1761080449639,FlashCrash,1.0,1.5,0.5,0.5,115,115
1761080449697,FlashCrash,1.0,1.5,0.5,0.5,115,115
1761080449752,FlashCrash,1.0,1.5,0.5,0.5,115,115
1761080449805,FlashCrash,1.0,1.5,0.5,0.5,115,115
1761080449858,FlashCrash,1.0,1.5,0.5,0.5,115,115
1761080449912,FlashCrash,1.0,1.5,0.5,0.5,115,115
1761080449968,FlashCrash,1.0,1.5,0.5,0.5,115,115
1761080450023,FlashCrash,1.0,1.5,0.5,0.5,115,115
1761080450079,FlashCrash,1.0,1.5,0.5,0.5,115,115
1761080450135,Earthquake,0.7,2.5,0.5,,115,
1761080450135,Earthquake,0.7,2.5,0.5,0.5,115,115
1761080450189,Earthquake,0.7,2.5,0.5,0.5,115,115
1761080450247,Earthquake,0.7,2.5,0.5,0.5,115,115
1761080450304,Earthquake,0.7,2.5,0.5,0.5,115,115
1761080450357,Earthquake,0.7,2.5,0.5,0.5,115,115
1761080450413,Earthquake,0.7,2.5,0.5,0.5,115,115
1761080450466,Earthquake,0.7,2.5,0.5,0.5,115,115
1761080450522,Earthquake,0.7,2.5,0.5,0.5,115,115
1761080450576,Earthquake,0.7,2.5,0.5,0.5,115,115
1761080450632,Earthquake,0.7,2.5,0.5,0.5,115,115
1761080450684,Earthquake,0.7,2.5,0.5,0.5,115,115
1761080450736,Earthquake,0.7,2.5,0.5,0.5,115,115
1761080450791,Earthquake,0.7,2.5,0.5,0.5,115,115
1761080450847,Earthquake,0.7,2.5,0.5,0.5,115,115
1761080450903,Earthquake,0.7,2.5,0.5,0.5,115,115
1761080450956,Earthquake,0.7,2.5,0.5,0.5,115,115
1761080451009,Earthquake,0.7,2.5,0.5,0.5,115,115
1761080451064,Earthquake,0.7,2.5,0.5,0.5,115,115
1761080451119,Earthquake,0.7,2.5,0.5,0.5,115,115
1761080451173,Earthquake,0.7,2.5,0.5,0.5,115,115
1761080451225,Earthquake,0.7,2.5,0.5,0.5,115,115
1761080451279,Earthquake,0.7,2.5,0.5,0.5,115,115
1761080451334,Earthquake,0.7,2.5,0.5,0.5,115,115
1761080451389,Earthquake,0.7,2.5,0.5,0.5,115,115
1761080451445,Earthquake,0.7,2.5,0.5,0.5,115,115
1761080451500,Earthquake,0.7,2.5,0.5,0.5,115,115
1761080451556,Earthquake,0.7,2.5,0.5,0.5,115,115
1761080451611,Earthquake,0.7,2.5,0.5,0.5,115,115
1761080451667,Earthquake,0.7,2.5,0.5,0.5,115,115
1761080451722,Earthquake,0.7,2.5,0.5,0.5,115,115
1761080451774,Earthquake,0.7,2.5,0.5,0.5,115,115
1761080451830,Earthquake,0.7,2.5,0.5,0.5,115,115
1761080451886,Earthquake,0.7,2.5,0.5,0.5,115,115
1761080451937,Earthquake,0.7,2.5,0.5,0.5,115,115
1761080451993,Earthquake,0.7,2.5,0.5,0.5,115,115
1761080452047,Earthquake,0.7,2.5,0.5,0.5,115,115
1761080452102,Earthquake,0.7,2.5,0.5,0.5,115,115
1761080452159,Earthquake,0.7,2.5,0.5,0.5,115,115
1761080452214,Earthquake,0.7,2.5,0.5,0.5,115,115
1761080452270,Earthquake,0.7,2.5,0.5,0.5,115,115
1761080452325,Earthquake,0.7,2.5,0.5,0.5,115,115
1761080452383,Earthquake,0.7,2.5,0.5,0.5,115,115
1761080452440,Earthquake,0.7,2.5,0.5,0.5,115,115
1761080452497,Earthquake,0.7,2.5,0.5,0.5,115,115
1761080452554,Earthquake,0.7,2.5,0.5,0.5,115,115
1761080452610,Earthquake,0.7,2.5,0.5,0.5,115,115
1761080452668,Recover,1.0,2.0,0.5,,115,
1761080452668,Recover,1.0,2.0,0.5,0.5,115,115
1761080452720,Recover,1.0,2.0,0.5,0.5,115,115
1761080452776,Recover,1.0,2.0,0.5,0.5,115,115
1761080452832,Recover,1.0,2.0,0.5,0.5,115,115
1761080452889,Recover,1.0,2.0,0.5,0.5,115,115
1761080452945,Recover,1.0,2.0,0.5,0.5,115,115
1761080453001,Recover,1.0,2.0,0.5,0.5,115,115
1761080453056,Recover,1.0,2.0,0.5,0.5,115,115
1761080453108,Recover,1.0,2.0,0.5,0.5,115,115
1761080453164,Recover,1.0,2.0,0.5,0.5,115,115
1761080453216,Recover,1.0,2.0,0.5,0.5,115,115
1761080453270,Recover,1.0,2.0,0.5,0.5,115,115
1761080453325,Recover,1.0,2.0,0.5,0.5,115,115
1761080453380,Recover,1.0,2.0,0.5,0.5,115,115
1761080453436,Recover,1.0,2.0,0.5,0.5,115,115
1761080453492,Recover,1.0,2.0,0.5,0.5,115,115
1761080453549,Recover,1.0,2.0,0.5,0.5,115,115
1761080453604,Recover,1.0,2.0,0.5,0.5,115,115
1761080453655,Recover,1.0,2.0,0.5,0.5,115,115
1761080453709,Recover,1.0,2.0,0.5,0.5,115,115
1761080453760,Recover,1.0,2.0,0.5,0.5,115,115
1761080453814,Recover,1.0,2.0,0.5,0.5,115,115
1761080453869,Recover,1.0,2.0,0.5,0.5,115,115
1761080453921,Recover,1.0,2.0,0.5,0.5,115,115
1761080453974,Recover,1.0,2.0,0.5,0.5,115,115
1761080454025,Recover,1.0,2.0,0.5,0.5,115,115
1761080454077,Recover,1.0,2.0,0.5,0.5,115,115
1761080454132,Recover,1.0,2.0,0.5,0.5,115,115
1761080454188,Recover,1.0,2.0,0.5,0.5,115,115
1761080454244,Recover,1.0,2.0,0.5,0.5,115,115
1761080454302,Recover,1.0,2.0,0.5,0.5,115,115
1761080454358,Recover,1.0,2.0,0.5,0.5,115,115
1761080454414,Recover,1.0,2.0,0.5,0.5,115,115
1761080454470,Recover,1.0,2.0,0.5,0.5,115,115
1761080454522,Recover,1.0,2.0,0.5,0.5,115,115
1761080454578,Recover,1.0,2.0,0.5,0.5,115,115
1761080454632,Recover,1.0,2.0,0.5,0.5,115,115
1761080454685,Flood,0.8,2.0,0.5,,115,
1761080454685,Flood,0.8,2.0,0.5,0.5,115,115
1761080454743,Flood,0.8,2.0,0.5,0.5,115,115
1761080454802,Flood,0.8,2.0,0.5,0.5,115,115
1761080454861,Flood,0.8,2.0,0.5,0.5,115,115
1761080454919,Flood,0.8,2.0,0.5,0.5,115,115
1761080454979,Flood,0.8,2.0,0.5,0.5,115,115
1761080455038,Flood,0.8,2.0,0.5,0.5,115,115
1761080455091,Flood,0.8,2.0,0.5,0.5,115,115
1761080455150,Flood,0.8,2.0,0.5,0.5,115,115
1761080455208,Flood,0.8,2.0,0.5,0.5,115,115
1761080455265,Flood,0.8,2.0,0.5,0.5,115,115
1761080455323,Flood,0.8,2.0,0.5,0.5,115,115
1761080455385,Flood,0.8,2.0,0.5,0.5,115,115
1761080455443,Flood,0.8,2.0,0.5,0.5,115,115
1761080455500,Flood,0.8,2.0,0.5,0.5,115,115
1761080455556,Flood,0.8,2.0,0.5,0.5,115,115
1761080455614,Flood,0.8,2.0,0.5,0.5,115,115
1761080455670,Flood,0.8,2.0,0.5,0.5,115,115
1761080455730,Flood,0.8,2.0,0.5,0.5,115,115
1761080455787,Flood,0.8,2.0,0.5,0.5,115,115
1761080455847,Flood,0.8,2.0,0.5,0.5,115,115
1761080455904,Flood,0.8,2.0,0.5,0.5,115,115
1761080455964,Flood,0.8,2.0,0.5,0.5,115,115
1761080456019,Flood,0.8,2.0,0.5,0.5,115,115
1761080456076,Flood,0.8,2.0,0.5,0.5,115,115
1761080456135,Flood,0.8,2.0,0.5,0.5,115,115
1761080456186,Flood,0.8,2.0,0.5,0.5,115,115
1761080456243,Flood,0.8,2.0,0.5,0.5,115,115
1761080456299,Flood,0.8,2.0,0.5,0.5,115,115
1761080456356,Flood,0.8,2.0,0.5,0.5,115,115
1761080456413,Flood,0.8,2.0,0.5,0.5,115,115
1761080456468,Flood,0.8,2.0,0.5,0.5,115,115
1761080456527,Flood,0.8,2.0,0.5,0.5,115,115
1761080456586,Flood,0.8,2.0,0.5,0.5,115,115
1761080456641,Flood,0.8,2.0,0.5,0.5,115,115
1761080456698,FlashCrash,1.0,1.5,0.5,,115,
1761080456698,FlashCrash,1.0,1.5,0.5,0.5,115,115
1761080456754,FlashCrash,1.0,1.5,0.5,0.5,115,115
1761080456811,FlashCrash,1.0,1.5,0.5,0.5,115,115
1761080456869,FlashCrash,1.0,1.5,0.5,0.5,115,115
1761080456927,FlashCrash,1.0,1.5,0.5,0.5,115,115
1761080456984,FlashCrash,1.0,1.5,0.5,0.5,115,115
1761080457041,FlashCrash,1.0,1.5,0.5,0.5,115,115
1761080457094,FlashCrash,1.0,1.5,0.5,0.5,115,115
1761080457151,FlashCrash,1.0,1.5,0.5,0.5,115,115
1761080457203,FlashCrash,1.0,1.5,0.5,0.5,115,115
1761080457259,FlashCrash,1.0,1.5,0.5,0.5,115,115
1761080457314,FlashCrash,1.0,1.5,0.5,0.5,115,115
1761080457368,FlashCrash,1.0,1.5,0.5,0.5,115,115
1761080457425,FlashCrash,1.0,1.5,0.5,0.5,115,115
1761080457481,FlashCrash,1.0,1.5,0.5,0.5,115,115
1761080457538,FlashCrash,1.0,1.5,0.5,0.5,115,115
1761080457589,FlashCrash,1.0,1.5,0.5,0.5,115,115
1761080457645,FlashCrash,1.0,1.5,0.5,0.5,115,115
1761080457702,FlashCrash,1.0,1.5,0.5,0.5,115,115
